<nav>
    <view name="flashtimeline"/>
    <collection label="Overview">
        <view name="about_dashboard" default="true"/>
		<divider />
		<collection label="User Created Views">
			<a href="/manager/unix/data/ui/views">Manage Views</a>
			<divider />
			<view source="unclassified"/>
		</collection>
		<collection label="All Saved Searches &amp; Reports">
			<a href="/manager/unix/saved/searches">Manage Searches &amp; Reports</a>
			<divider />
			<saved source="unclassified" />
		</collection>
		<divider />
		<a href="setup">Configuration...</a>
   </collection>
    <collection label="CPU">
      <view name="cpu_dashboard" />
      <view name="cpu_by_host" />
      <view name="cpu_by_process" />
      <view name="cpu_by_user" />
      <view name="cpu_by_state" />
	  <divider />
      <collection label="CPU Sources">
        <saved name="top" view="flashtimeline"/>
        <saved name="ps" view="flashtimeline"/>
        <saved name="cpu" view="flashtimeline"/>
        <saved name="hardware" view="flashtimeline"/>
      </collection>
	  <divider />
	  <collection label="CPU Saved Searches">
		<saved source="all" match="unix - cpu" view="flashtimeline"/>
	  </collection>
	</collection>
    <collection label="Memory">
      <view name="mem_dashboard" />
      <view name="mem_by_host" />
      <view name="mem_by_process" />
      <view name="mem_by_user" />
	  <divider />
      <collection label="Memory Sources">
        <saved name="vmstat" view="flashtimeline"/>
        <saved name="top" view="flashtimeline"/>
        <saved name="ps" view="flashtimeline"/>
        <saved name="hardware" view="flashtimeline"/>
      </collection>
	  <divider />
	  <collection label="Saved Memory Searches">
		<saved source="all" match="UNIX - MEM" view="flashtimeline"/>
	  </collection>
    </collection>
    <collection label="Disk">
      <view name="disk_used_by_host" />
	  <view name="disk_files_opened_by_command" />
	  <view name="disk_files_opened_by_type" />
	  <view name="disk_files_opened_by_user" />
	  <divider />
      <collection label="Disk Sources">
        <saved name="lsof" view="flashtimeline"/>
        <saved name="iostat" view="flashtimeline"/>
        <saved name="df" view="flashtimeline"/>
      </collection>
	  <divider />
	  <collection label="Saved Disk Searches">
		<saved source="all" match="UNIX - Disk" view="flashtimeline"/>
	  </collection>
    </collection>
    <collection label="Network">
      <view name="net_interface_throughput" />
      <view name="net_connection_details" />
	  <divider />
	  <collection label="Network Sources">
		<saved name="netstat" view="flashtimeline"/>
		<saved name="interfaces" view="flashtimeline"/>
		<saved name="protocol" view="flashtimeline"/>
		<saved name="openPorts" view="flashtimeline"/>
		<saved name="hardware" view="flashtimeline"/>
	  </collection>
	  <divider />
	  <collection label="Saved Net Searches">
		<saved source="all" match="UNIX - NET" view="flashtimeline"/>
	  </collection>
    </collection>
    <collection label="Users">
      <view name="users_successful_logins" />
	  <saved  name="Failed Logins" view="flashtimeline" />
      <saved  name="Failed Attempts at SU" view="flashtimeline" />
	  <collection label="User Management Searches">
		<saved name="User Add" view="flashtimeline" />
		<saved name="User Delete" view="flashtimeline" />
		<saved name="Group Add" view="flashtimeline" />
  		<saved name="Group Delete" view="flashtimeline" />
  		<saved name="Password Change" view="flashtimeline" />
  		<saved name="Password Change Failed" view="flashtimeline" />
	  </collection>
	  <divider />
      <collection label="User Sources">
        <saved name="who" view="flashtimeline"/>
        <saved name="usersWithLoginPrivs" view="flashtimeline"/>
        <saved name="lastlog" view="flashtimeline"/>
      </collection>
      <collection label="Saved User Searches">
        <saved source="all" match="UNIX - Sessions" view="flashtimeline"/>
      </collection>
    </collection>
    <collection label="Log Files">
      <view name="about_logs" />
      <view name="log_errors_multiple_hosts" />
	  <view name="log_thruput_multiple_hosts" />
	  <collection label="Saved Log Searches">
		<saved source="all" match="UNIX - Logs" view="flashtimeline"/>
	  </collection>
    </collection>
    <collection label="Configs">
      <view name="about_configs" />
	  <view name="configs_diff" />

	  <saved name="Hardware Configurations by Host" view="flashtimeline"/>
	  <collection label="OS Packages">
		<saved name="Latest Packages by Host" view="flashtimeline"/>
	  </collection>


	  <collection label="FS Change Detection">
		<view name="about_fschange" />
		<saved name="File Add - FSChange" view="flashtimeline"/>
		<saved name="File Delete - FSChange" view="flashtimeline"/>
		<saved name="File Modify - FSChange" view="flashtimeline"/>
	  </collection>
	  <collection label="Saved Config Searches">
		<saved source="all" match="UNIX - Configs" view="flashtimeline"/>
	  </collection>
	</collection>
	<view name="setup" />
</nav>
