<nav color="#050505">
    <view name="default"  />
    <a href="/dj/redirector/xlr8/home">Home</a>
  <collection label="OS Server">
    <view name="xlr8__windows" /> 
    <view name="xlr8__wls_server" /> 
    <view name="xlr8__unix" /> 
    <view name="as400" /> 
  </collection>
  <collection label="CNC Info">
    <view name="xlr8__e1_jobs" /> 
    <view name="gantt" /> 
    <view name="xlr8__logfile_analysis" /> 
    <view name="xlr8__change_mgmt" /> 
    <view name="xlr8__e1_user_security" /> 
  </collection>
  <collection label="Database Info">
    <view name="oracle_availability" /> 
    <view name="xlr8__oracle_database_performance" /> 
    <view name="xlr8__oracle_capacity" />
    <view name="xlr8__sql_server_performance" /> 
  </collection>
  
  <view name="search" color="#5379AF" />
  <view name="dashboards" />
</nav>